~/.ssh/quyin_ecologylab.pem,ecologylab,ecology-service.cse.tamu.edu,2022
~/.ssh/quyin_ecologylab.pem,tamu_ecologyLab,planetlab1.tamu.edu,22
~/.ssh/quyin_ecologylab.pem,tamu_ecologyLab,planetlab1.cs.uml.edu,22
~/.ssh/quyin_ecologylab.pem,tamu_ecologyLab,75-130-96-12.static.oxfr.ma.charter.com,22
~/.ssh/quyin_ecologylab.pem,tamu_ecologyLab,pl2.cis.uab.edu,22
~/.ssh/quyin_ecologylab.pem,tamu_ecologyLab,planetlab1.csee.usf.edu,22
~/.ssh/quyin_ecologylab.pem,tamu_ecologyLab,planetlab2.tamu.edu,22
~/.ssh/quyin_ecologylab.pem,tamu_ecologyLab,planetlab3.tamu.edu,22
~/.ssh/quyin_ecologylab.pem,tamu_ecologyLab,planetlab4.tamu.edu,22

